{
    "GROUP": {
        "AR": {
            "AP": [
                "c54495e03d09a11b8d8261cbc46a832c3",
                "cfb46ce344afaf8a6cad331cf8a372f40"
            ],
            "P": {},
            "S": {
                "c54495e03d09a11b8d8261cbc46a832c3": {
                    "AP": false,
                    "Sticker": {
                        "STKID": "5928044",
                        "STKPKGID": "4608",
                        "STKTXT": "[Sticker]",
                        "STKVER": "1"
                    }
                }
            }
        },
        "LM": {
            "AP": [],
            "P": {},
            "S": {}
        },
        "WM": {
            "AP": [],
            "P": {},
            "S": {}
        }
    },
    "Members": 0,
    "ROM": {
        "c2a410ab2f2afed90302d45752eecf407": {
            "u36e931e62a54321f083deef93272cf30": {
                "metadata": [
                    {
                        "MENTION": "{\"MENTIONEES\":[{\"S\":\"0\",\"E\":\"22\",\"M\":\"ub4fd9b8db24cce491bf31ac1d91e9a4d\"}]}"
                    }
                ],
                "msg.id": [
                    "8882379473338"
                ],
                "text": [
                    "@!iya pak"
                ],
                "waktu": [
                    1542565208208
                ]
            }
        },
        "c2f6f5d561c4e9ce33c116a626040a4a9": {
            "u39d6af3be5dc743a7c9623d1cb0ce2e7": {
                "metadata": [
                    {
                        "MENTION": "{\"MENTIONEES\": [{\"E\": \"6\", \"S\": \"0\", \"M\": \"ua5dfd23b041f101b8cb098236de0ce55\"}, {\"E\": \"13\", \"S\": \"7\", \"M\": \"u927f9a903bf5281f5118de672b61f54e\"}, {\"E\": \"20\", \"S\": \"14\", \"M\": \"u24ad58d28de630da7ac3a83ab081c8bd\"}, {\"E\": \"27\", \"S\": \"21\", \"M\": \"u077cfaf25bb70e1e11bc3285c1ea5474\"}, {\"E\": \"34\", \"S\": \"28\", \"M\": \"uf8cef67f7f6b337bba117b2632c0df26\"}, {\"E\": \"41\", \"S\": \"35\", \"M\": \"ud25b4b4b22827abdaa79490fc50ac050\"}, {\"E\": \"48\", \"S\": \"42\", \"M\": \"ubca7ea23c9b6ef475b614be66837c28d\"}, {\"E\": \"55\", \"S\": \"49\", \"M\": \"u25cce456d953d6ebd927e20434163031\"}, {\"E\": \"62\", \"S\": \"56\", \"M\": \"u2c0a37738d70622ed2a8470b1613202e\"}, {\"E\": \"69\", \"S\": \"63\", \"M\": \"u457e64e40fbd9cc7187dbf45d32ba2e3\"}, {\"E\": \"76\", \"S\": \"70\", \"M\": \"uaeb3a041bba190c6b579e1b216a3d65a\"}, {\"E\": \"83\", \"S\": \"77\", \"M\": \"u9395d74dc4c37e1ffc1b9062ba64baf2\"}, {\"E\": \"90\", \"S\": \"84\", \"M\": \"ud086086556e15d33bb02c887fe0cab1e\"}, {\"E\": \"97\", \"S\": \"91\", \"M\": \"u2995f53fefc3a413cef83cd38fed0452\"}, {\"E\": \"104\", \"S\": \"98\", \"M\": \"u18ac8501ae74f2cebde8924022456c95\"}, {\"E\": \"111\", \"S\": \"105\", \"M\": \"u832f3262573a2de3444bf2fb63ee6cb4\"}, {\"E\": \"118\", \"S\": \"112\", \"M\": \"u29e531fcfe639a1fbc2626cc73c32f1e\"}, {\"E\": \"125\", \"S\": \"119\", \"M\": \"u478a77714b2c30fe5c2ea9a2980024c2\"}, {\"E\": \"132\", \"S\": \"126\", \"M\": \"ua33d08c8b90048fc60f669a728364856\"}, {\"E\": \"139\", \"S\": \"133\", \"M\": \"u96fdcc1abbe1e309b5571da593bd21c2\"}]}"
                    }
                ],
                "msg.id": [
                    "9044409120170"
                ],
                "text": [
                    "@!\n@!\n@!\n@!\n@!\n@!\n@!\n@!\n@!\n@!\n@!\n@!\n@!\n@!\n@!\n@!\n@!\n@!\n@!\n@!\n"
                ],
                "waktu": [
                    1545375786405
                ]
            }
        },
        "c38a3fd4262940fd8a185d48b3d33d9e5": {
            "ub78ed95be7deb54f372add33a8e5a437": {
                "metadata": [
                    {
                        "MENTION": "{\"MENTIONEES\":[{\"S\":\"0\",\"E\":\"22\",\"M\":\"ub4fd9b8db24cce491bf31ac1d91e9a4d\"}]}"
                    }
                ],
                "msg.id": [
                    "8882344315272"
                ],
                "text": [
                    "@!"
                ],
                "waktu": [
                    1542563870374
                ]
            }
        },
        "c437c31b25083907dbd126fe712068905": {
            "u826a55e4d0dc97addc87062f885ffc3c": {
                "metadata": [
                    {
                        "MENTION": "{\"MENTIONEES\":[{\"S\": \"17\", \"E\": \"30\", \"M\": \"u9395d74dc4c37e1ffc1b9062ba64baf2\"}]}"
                    }
                ],
                "msg.id": [
                    "9044826508602"
                ],
                "text": [
                    " 「 Serivce 」\nHey @! your expired selfbot now 26 days from now"
                ],
                "waktu": [
                    1545381282809
                ]
            },
            "ub93b49d3782965b24e82a72de43ffebe": {
                "metadata": [
                    {
                        "EMTVER": "4",
                        "MENTION": "{\"MENTIONEES\":[{\"S\":\"10\",\"E\":\"37\",\"M\":\"u9395d74dc4c37e1ffc1b9062ba64baf2\"}]}"
                    }
                ],
                "msg.id": [
                    "9044826491465"
                ],
                "text": [
                    "extratime @!"
                ],
                "waktu": [
                    1545381282732
                ]
            }
        },
        "c5d9c05014c99227b7c3b17df212d4b7f": {
            "ua81979786a05d431b67e23a91b9f4fdb": {
                "metadata": [
                    {
                        "MENTION": "{\"MENTIONEES\": [{\"S\": \"0\", \"E\": \"6\", \"M\": \"u45f4a69e1c46fc90ae225154ac74efdf\"}, {\"S\": \"7\", \"E\": \"13\", \"M\": \"uf5af76421a4537649d9bb2c73651503e\"}, {\"S\": \"14\", \"E\": \"20\", \"M\": \"u9ee47a4ca6d5551601f7a244fa07e3f8\"}, {\"S\": \"21\", \"E\": \"27\", \"M\": \"uf257b9522092864c20d29eeea9fd8ee9\"}, {\"S\": \"28\", \"E\": \"34\", \"M\": \"u66f38d3a419bf2ee824170984714b705\"}, {\"S\": \"35\", \"E\": \"41\", \"M\": \"ubd7d8a949cb9bb9fe40809ada80f4b52\"}, {\"S\": \"42\", \"E\": \"48\", \"M\": \"u3187536c06aa34e140d87acf7771f2ee\"}, {\"S\": \"49\", \"E\": \"55\", \"M\": \"u52a701a108aa35cf1436f299b76768b6\"}, {\"S\": \"56\", \"E\": \"62\", \"M\": \"ucd4cea1c888e7d58d9ac20be02766279\"}, {\"S\": \"63\", \"E\": \"69\", \"M\": \"u598f0573d5fe43e9cc88f3d25ea0774d\"}, {\"S\": \"70\", \"E\": \"76\", \"M\": \"u5f1ddd42e239fca077801f1285944b69\"}, {\"S\": \"77\", \"E\": \"83\", \"M\": \"u9395d74dc4c37e1ffc1b9062ba64baf2\"}, {\"S\": \"84\", \"E\": \"90\", \"M\": \"u14e1a45c953c9a2f625719541801e3e6\"}, {\"S\": \"91\", \"E\": \"97\", \"M\": \"uf11fb8eefa846d6af3b46f0b4e1ec32c\"}, {\"S\": \"98\", \"E\": \"104\", \"M\": \"u8825e104cd5de0ccc39b0fded3fefae8\"}, {\"S\": \"105\", \"E\": \"111\", \"M\": \"ud5d491055e90a873a81d4f67bee79c91\"}, {\"S\": \"112\", \"E\": \"118\", \"M\": \"u19a1d062d120ff83d14f421175327b3f\"}, {\"S\": \"119\", \"E\": \"125\", \"M\": \"u25ab3183d37f135d8852f422be802452\"}, {\"S\": \"126\", \"E\": \"132\", \"M\": \"ua744da7b45d5fbc08e4e6e1e3740b5de\"}, {\"S\": \"133\", \"E\": \"139\", \"M\": \"ua0ec7493316822b7f88d6e5d7ad8c4f6\"}]}"
                    }
                ],
                "msg.id": [
                    "9044507321643"
                ],
                "text": [
                    "@!\n@!\n@!\n@!\n@!\n@!\n@!\n@!\n@!\n@!\n@!\n@!\n@!\n@!\n@!\n@!\n@!\n@!\n@!\n@!\n"
                ],
                "waktu": [
                    1545377140011
                ]
            }
        },
        "c6c8bd478e85f825008cdfd7079bb9471": {
            "u826a55e4d0dc97addc87062f885ffc3c": {
                "metadata": [
                    {
                        "MENTION": "{\"MENTIONEES\":[{\"S\": \"16\", \"E\": \"29\", \"M\": \"u9395d74dc4c37e1ffc1b9062ba64baf2\"}]}"
                    }
                ],
                "msg.id": [
                    "9044834605600"
                ],
                "text": [
                    "「 Login 」\nUser: @!\nFile: @✧ÜŃβÄḺḺ⍣ƤɄƁ₲✈ŤM̲̅‮‮✧\nPLEASE CHECK YOUR PERSONAL MESSAGE..."
                ],
                "waktu": [
                    1545381381626
                ]
            }
        },
        "c7553e8e2682e42d42db3fadb6141e05b": {
            "u976432a58c1de4d908a30d65dd6d5a60": {
                "metadata": [
                    {
                        "MENTION": "{\"MENTIONEES\": [{\"S\": \"0\", \"E\": \"6\", \"M\": \"uc6296c356cab589cd7483762f8bdfb17\"}, {\"S\": \"7\", \"E\": \"13\", \"M\": \"u990aa7f61ca72feef25a8b4af4da9b31\"}, {\"S\": \"14\", \"E\": \"20\", \"M\": \"u3ebbc00b9bedfda5d884bd4e14836167\"}, {\"S\": \"21\", \"E\": \"27\", \"M\": \"u1eaa7213b51be66916601d5672da8f6c\"}, {\"S\": \"28\", \"E\": \"34\", \"M\": \"u7955472a22997ef82aaf1b7f187f7722\"}, {\"S\": \"35\", \"E\": \"41\", \"M\": \"u220fb2445544a7edb5c71e821e6cdabd\"}, {\"S\": \"42\", \"E\": \"48\", \"M\": \"uea40351cb827500d2bd6426ab21501e1\"}, {\"S\": \"49\", \"E\": \"55\", \"M\": \"u95835e25c7b4363b9fa3a094fb6ae836\"}, {\"S\": \"56\", \"E\": \"62\", \"M\": \"u5609d66affabfa2ef16bef14811847e6\"}, {\"S\": \"63\", \"E\": \"69\", \"M\": \"u2ee0d05503b3bba77ab109705a90533a\"}, {\"S\": \"70\", \"E\": \"76\", \"M\": \"u74fbd226f28530e94857065a2c8b295c\"}, {\"S\": \"77\", \"E\": \"83\", \"M\": \"ub7b57818ab604ab67634b106197bc895\"}, {\"S\": \"84\", \"E\": \"90\", \"M\": \"ua20e1ca387ae2f6321b0be0ab58991d6\"}, {\"S\": \"91\", \"E\": \"97\", \"M\": \"u9022c2960c0aa9c1fec7f21b86838b56\"}, {\"S\": \"98\", \"E\": \"104\", \"M\": \"ud183039773a5320a3137835a32bfcf56\"}, {\"S\": \"105\", \"E\": \"111\", \"M\": \"u808ca4ef17d718cbbf6698aa4f53ba81\"}, {\"S\": \"112\", \"E\": \"118\", \"M\": \"u1c33d317295a686c161735bd697b51a3\"}, {\"S\": \"119\", \"E\": \"125\", \"M\": \"u2cea0a09552db9f1894e72e339c7e051\"}, {\"S\": \"126\", \"E\": \"132\", \"M\": \"ub4fd9b8db24cce491bf31ac1d91e9a4d\"}, {\"S\": \"133\", \"E\": \"139\", \"M\": \"uf51ca315c3f0076646a20c8828d38a0e\"}]}"
                    }
                ],
                "msg.id": [
                    "8882466856124"
                ],
                "text": [
                    "@!\n@!\n@!\n@!\n@!\n@!\n@!\n@!\n@!\n@!\n@!\n@!\n@!\n@!\n@!\n@!\n@!\n@!\n@!\n@!\n"
                ],
                "waktu": [
                    1542568983348
                ]
            }
        },
        "c7eb41e2976e442c6982b70aeccb65af7": {
            "ua81979786a05d431b67e23a91b9f4fdb": {
                "metadata": [
                    {
                        "MENTION": "{\"MENTIONEES\": [{\"S\": \"0\", \"E\": \"6\", \"M\": \"ub8782a91f3af8254dd9365f45866b909\"}, {\"S\": \"7\", \"E\": \"13\", \"M\": \"u41e5722f2c6f429ef2e2dd61d86fdf12\"}, {\"S\": \"14\", \"E\": \"20\", \"M\": \"u669f08398f187f9c76fe8fdcb3a9c253\"}, {\"S\": \"21\", \"E\": \"27\", \"M\": \"uf07ec447c9bca6cfd5a8248acbee5543\"}, {\"S\": \"28\", \"E\": \"34\", \"M\": \"u9b7464cadb30562db2b0b125bd25e4f3\"}, {\"S\": \"35\", \"E\": \"41\", \"M\": \"u0aec2d9b66ca71d733e747e387e948ed\"}, {\"S\": \"42\", \"E\": \"48\", \"M\": \"ud6c1e07a58713ad8a8f09f916ca3c3fa\"}, {\"S\": \"49\", \"E\": \"55\", \"M\": \"ue20d57a4c0160dc29f8a0d4164531b8d\"}, {\"S\": \"56\", \"E\": \"62\", \"M\": \"ufa534f541628fc41e11facfda138e3ab\"}, {\"S\": \"63\", \"E\": \"69\", \"M\": \"u8c680f9ca3e27ce8053b1585d7b534ec\"}, {\"S\": \"70\", \"E\": \"76\", \"M\": \"ua461e804d34bd2c278d7716e3b97c754\"}, {\"S\": \"77\", \"E\": \"83\", \"M\": \"ua981ffaf7ad7f95cb940b434cfc93af3\"}, {\"S\": \"84\", \"E\": \"90\", \"M\": \"u1590841caca0966b97414d68793a5836\"}, {\"S\": \"91\", \"E\": \"97\", \"M\": \"udaec7f401ed6d9e9d13547ddf78268ef\"}, {\"S\": \"98\", \"E\": \"104\", \"M\": \"u57b15f2e27051aa27194d39287991f56\"}, {\"S\": \"105\", \"E\": \"111\", \"M\": \"u21453cf621c604f5d8f0e9730da91b17\"}, {\"S\": \"112\", \"E\": \"118\", \"M\": \"ud35684025455a0f9caf67db49a9c78bf\"}, {\"S\": \"119\", \"E\": \"125\", \"M\": \"ud0e7ca63a8f47b0efda1d6edfa07a41c\"}, {\"S\": \"126\", \"E\": \"132\", \"M\": \"u9395d74dc4c37e1ffc1b9062ba64baf2\"}, {\"S\": \"133\", \"E\": \"139\", \"M\": \"u170dfad67fd884f6ee9ea499f970c4a1\"}]}"
                    },
                    {
                        "MENTION": "{\"MENTIONEES\": [{\"S\": \"0\", \"E\": \"6\", \"M\": \"ub8782a91f3af8254dd9365f45866b909\"}, {\"S\": \"7\", \"E\": \"13\", \"M\": \"u41e5722f2c6f429ef2e2dd61d86fdf12\"}, {\"S\": \"14\", \"E\": \"20\", \"M\": \"u669f08398f187f9c76fe8fdcb3a9c253\"}, {\"S\": \"21\", \"E\": \"27\", \"M\": \"uf07ec447c9bca6cfd5a8248acbee5543\"}, {\"S\": \"28\", \"E\": \"34\", \"M\": \"u9b7464cadb30562db2b0b125bd25e4f3\"}, {\"S\": \"35\", \"E\": \"41\", \"M\": \"u0aec2d9b66ca71d733e747e387e948ed\"}, {\"S\": \"42\", \"E\": \"48\", \"M\": \"ud6c1e07a58713ad8a8f09f916ca3c3fa\"}, {\"S\": \"49\", \"E\": \"55\", \"M\": \"ue20d57a4c0160dc29f8a0d4164531b8d\"}, {\"S\": \"56\", \"E\": \"62\", \"M\": \"ufa534f541628fc41e11facfda138e3ab\"}, {\"S\": \"63\", \"E\": \"69\", \"M\": \"u8c680f9ca3e27ce8053b1585d7b534ec\"}, {\"S\": \"70\", \"E\": \"76\", \"M\": \"ua461e804d34bd2c278d7716e3b97c754\"}, {\"S\": \"77\", \"E\": \"83\", \"M\": \"ua981ffaf7ad7f95cb940b434cfc93af3\"}, {\"S\": \"84\", \"E\": \"90\", \"M\": \"u1590841caca0966b97414d68793a5836\"}, {\"S\": \"91\", \"E\": \"97\", \"M\": \"udaec7f401ed6d9e9d13547ddf78268ef\"}, {\"S\": \"98\", \"E\": \"104\", \"M\": \"u57b15f2e27051aa27194d39287991f56\"}, {\"S\": \"105\", \"E\": \"111\", \"M\": \"u21453cf621c604f5d8f0e9730da91b17\"}, {\"S\": \"112\", \"E\": \"118\", \"M\": \"ud35684025455a0f9caf67db49a9c78bf\"}, {\"S\": \"119\", \"E\": \"125\", \"M\": \"ud0e7ca63a8f47b0efda1d6edfa07a41c\"}, {\"S\": \"126\", \"E\": \"132\", \"M\": \"u9395d74dc4c37e1ffc1b9062ba64baf2\"}, {\"S\": \"133\", \"E\": \"139\", \"M\": \"u170dfad67fd884f6ee9ea499f970c4a1\"}]}"
                    }
                ],
                "msg.id": [
                    "9044821222895",
                    "9044829288277"
                ],
                "text": [
                    "@!\n@!\n@!\n@!\n@!\n@!\n@!\n@!\n@!\n@!\n@!\n@!\n@!\n@!\n@!\n@!\n@!\n@!\n@!\n@!\n",
                    "@!\n@!\n@!\n@!\n@!\n@!\n@!\n@!\n@!\n@!\n@!\n@!\n@!\n@!\n@!\n@!\n@!\n@!\n@!\n@!\n"
                ],
                "waktu": [
                    1545381218567,
                    1545381316857
                ]
            }
        },
        "ca173a956fdab5114f5628777d7104c71": {
            "u4b72d46022cc2f9ef5ad3be76a997a7d": {
                "metadata": [
                    {
                        "MENTION": "{\"MENTIONEES\":[{\"S\": \"25\", \"E\": \"36\", \"M\": \"uef87f03f8c0164be61a3da7b8f20cd9b\"}, {\"S\": \"41\", \"E\": \"52\", \"M\": \"udd7fec2650ee1a628e9ae5267711c843\"}, {\"S\": \"57\", \"E\": \"68\", \"M\": \"u283bcf5f3d183781fdfa3f6b0f8a36d3\"}, {\"S\": \"73\", \"E\": \"84\", \"M\": \"u7974d1dde1255ab0f94438aa97cda9b1\"}, {\"S\": \"89\", \"E\": \"100\", \"M\": \"u5e98d2b4c8e0201161021bcb5cf7a078\"}, {\"S\": \"105\", \"E\": \"116\", \"M\": \"ue3178df4d70f9ddfd3664f484fe039a6\"}, {\"S\": \"121\", \"E\": \"132\", \"M\": \"ud0c7d5f4208f9db8945332089e5bd937\"}, {\"S\": \"137\", \"E\": \"148\", \"M\": \"u611b6f6fe1a4faf585c9b10de6976354\"}, {\"S\": \"153\", \"E\": \"164\", \"M\": \"ucd4f81cf74ca84cfd772b1bec7b4ebf8\"}, {\"S\": \"170\", \"E\": \"181\", \"M\": \"u82911f0db31e954ac60c70e08692807a\"}, {\"S\": \"187\", \"E\": \"198\", \"M\": \"ub3eeef83e1abc5cdf5a1fbd1f257acdf\"}, {\"S\": \"204\", \"E\": \"215\", \"M\": \"uec00893ef0b05d4766e0d2d218a16cf2\"}, {\"S\": \"221\", \"E\": \"232\", \"M\": \"ueb78168520dfc24660fd97f017fbace5\"}, {\"S\": \"238\", \"E\": \"249\", \"M\": \"ubccb7f3b55f95b640ac5a115c062dc91\"}, {\"S\": \"255\", \"E\": \"266\", \"M\": \"uad0ef15758358dd715bd591cee339ea2\"}, {\"S\": \"272\", \"E\": \"283\", \"M\": \"u9395d74dc4c37e1ffc1b9062ba64baf2\"}, {\"S\": \"289\", \"E\": \"300\", \"M\": \"u2988c4abf4a442c375f30233cbd6ca52\"}, {\"S\": \"306\", \"E\": \"317\", \"M\": \"ud7350fa1007dd40314caaf19f4b0719f\"}, {\"S\": \"323\", \"E\": \"334\", \"M\": \"u551bc5957e8fbeeea628db036a6b790e\"}, {\"S\": \"340\", \"E\": \"351\", \"M\": \"u4722f77c4dab0fa1e12e3961c908451d\"}]}"
                    }
                ],
                "msg.id": [
                    "9044479093032"
                ],
                "text": [
                    "╔═══════════════════\n╠1. @!\n╠2. @!\n╠3. @!\n╠4. @!\n╠5. @!\n╠6. @!\n╠7. @!\n╠8. @!\n╠9. @!\n╠10. @!\n╠11. @!\n╠12. @!\n╠13. @!\n╠14. @!\n╠15. @!\n╠16. @!\n╠17. @!\n╠18. @!\n╠19. @!\n╠20. @!\n╠═══════════════════\n╠➣ 20 ❂􂜁􀄑q􏿿􂘁􀄕u􏿿􂜁􀄒r􏿿􂘁􀄂b􏿿􂜁􀄁a􏿿􂘁􀄎n􏿿❂\n╚═══════════════════"
                ],
                "waktu": [
                    1545376753014
                ]
            },
            "ub90fee136a68d4602aa10f734f24ff42": {
                "metadata": [
                    {
                        "MENTION": "{\"MENTIONEES\":[{\"S\": \"19\", \"E\": \"32\", \"M\": \"ucd4f81cf74ca84cfd772b1bec7b4ebf8\"}, {\"S\": \"38\", \"E\": \"51\", \"M\": \"u82911f0db31e954ac60c70e08692807a\"}, {\"S\": \"57\", \"E\": \"70\", \"M\": \"ub3eeef83e1abc5cdf5a1fbd1f257acdf\"}, {\"S\": \"76\", \"E\": \"89\", \"M\": \"uec00893ef0b05d4766e0d2d218a16cf2\"}, {\"S\": \"95\", \"E\": \"108\", \"M\": \"ueb78168520dfc24660fd97f017fbace5\"}, {\"S\": \"114\", \"E\": \"127\", \"M\": \"ubccb7f3b55f95b640ac5a115c062dc91\"}, {\"S\": \"133\", \"E\": \"146\", \"M\": \"uad0ef15758358dd715bd591cee339ea2\"}, {\"S\": \"152\", \"E\": \"165\", \"M\": \"u9395d74dc4c37e1ffc1b9062ba64baf2\"}, {\"S\": \"171\", \"E\": \"184\", \"M\": \"u2988c4abf4a442c375f30233cbd6ca52\"}, {\"S\": \"190\", \"E\": \"203\", \"M\": \"ud7350fa1007dd40314caaf19f4b0719f\"}, {\"S\": \"209\", \"E\": \"222\", \"M\": \"u551bc5957e8fbeeea628db036a6b790e\"}, {\"S\": \"228\", \"E\": \"241\", \"M\": \"u4722f77c4dab0fa1e12e3961c908451d\"}, {\"S\": \"247\", \"E\": \"260\", \"M\": \"u6166c26150f426a4889ec826113dfd4c\"}, {\"S\": \"266\", \"E\": \"279\", \"M\": \"u2bbc078aa4944ad5e11495af717208dd\"}, {\"S\": \"285\", \"E\": \"298\", \"M\": \"u8341b54405329837909e79f6094d1540\"}, {\"S\": \"304\", \"E\": \"317\", \"M\": \"u27e8b606514e2ad34c4de4eabf38429c\"}, {\"S\": \"323\", \"E\": \"336\", \"M\": \"ua7eb96ac82801dad267c098b3714f939\"}, {\"S\": \"342\", \"E\": \"355\", \"M\": \"uf69dcfd88e3fea85e23c7100069b1ad6\"}, {\"S\": \"361\", \"E\": \"374\", \"M\": \"u05ec9bc6449f87071d4cbd15c835c342\"}, {\"S\": \"380\", \"E\": \"393\", \"M\": \"u1058ad8ef2ea19a5d4c024526947691e\"}]}"
                    }
                ],
                "msg.id": [
                    "9044430724583"
                ],
                "text": [
                    "├「 Mention 」─\n│21. @!\n│22. @!\n│23. @!\n│24. @!\n│25. @!\n│26. @!\n│27. @!\n│28. @!\n│29. @!\n│30. @!\n│31. @!\n│32. @!\n│33. @!\n│34. @!\n│35. @!\n│36. @!\n│37. @!\n│38. @!\n│39. @!\n│40. @!"
                ],
                "waktu": [
                    1545376084791
                ]
            }
        },
        "ca2f60e8af4e285040e218d97274d89a9": {
            "ue9d7c66fc44cdf565441830dad15eaf3": {
                "metadata": [
                    {
                        "EMTVER": "4",
                        "MENTION": "{\"MENTIONEES\":[{\"S\":\"9\",\"E\":\"36\",\"M\":\"u9395d74dc4c37e1ffc1b9062ba64baf2\"}]}"
                    },
                    {
                        "EMTVER": "4",
                        "MENTION": "{\"MENTIONEES\":[{\"S\":\"10\",\"E\":\"37\",\"M\":\"u9395d74dc4c37e1ffc1b9062ba64baf2\"}]}"
                    },
                    {
                        "MENTION": "{\"MENTIONEES\":[{\"S\": \"13\", \"E\": \"40\", \"M\": \"u9395d74dc4c37e1ffc1b9062ba64baf2\"}]}"
                    },
                    {
                        "MENTION": "{\"MENTIONEES\":[{\"S\": \"13\", \"E\": \"40\", \"M\": \"u9395d74dc4c37e1ffc1b9062ba64baf2\"}]}"
                    },
                    {
                        "MENTION": "{\"MENTIONEES\":[{\"S\": \"13\", \"E\": \"40\", \"M\": \"u9395d74dc4c37e1ffc1b9062ba64baf2\"}]}"
                    },
                    {
                        "MENTION": "{\"MENTIONEES\":[{\"S\": \"13\", \"E\": \"40\", \"M\": \"u9395d74dc4c37e1ffc1b9062ba64baf2\"}]}"
                    },
                    {
                        "MENTION": "{\"MENTIONEES\":[{\"S\": \"13\", \"E\": \"40\", \"M\": \"u9395d74dc4c37e1ffc1b9062ba64baf2\"}]}"
                    },
                    {
                        "MENTION": "{\"MENTIONEES\":[{\"S\": \"13\", \"E\": \"40\", \"M\": \"u9395d74dc4c37e1ffc1b9062ba64baf2\"}]}"
                    },
                    {
                        "MENTION": "{\"MENTIONEES\":[{\"S\": \"13\", \"E\": \"40\", \"M\": \"u9395d74dc4c37e1ffc1b9062ba64baf2\"}]}"
                    },
                    {
                        "MENTION": "{\"MENTIONEES\":[{\"S\": \"13\", \"E\": \"40\", \"M\": \"u9395d74dc4c37e1ffc1b9062ba64baf2\"}]}"
                    },
                    {
                        "MENTION": "{\"MENTIONEES\":[{\"S\": \"13\", \"E\": \"40\", \"M\": \"u9395d74dc4c37e1ffc1b9062ba64baf2\"}]}"
                    },
                    {
                        "MENTION": "{\"MENTIONEES\":[{\"S\": \"13\", \"E\": \"40\", \"M\": \"u9395d74dc4c37e1ffc1b9062ba64baf2\"}]}"
                    }
                ],
                "msg.id": [
                    "9044311190085",
                    "9044312710709",
                    "9044312721904",
                    "9044312723600",
                    "9044312725424",
                    "9044312721905",
                    "9044312728800",
                    "9044312728801",
                    "9044312728802",
                    "9044312721906",
                    "9044312722946",
                    "9044312723601"
                ],
                "text": [
                    "spam4 10 @!",
                    "spam 4 10 @!",
                    " 「 Mention 」\n@!",
                    " 「 Mention 」\n@!",
                    " 「 Mention 」\n@!",
                    " 「 Mention 」\n@!",
                    " 「 Mention 」\n@!",
                    " 「 Mention 」\n@!",
                    " 「 Mention 」\n@!",
                    " 「 Mention 」\n@!",
                    " 「 Mention 」\n@!",
                    " 「 Mention 」\n@!"
                ],
                "waktu": [
                    1545374401771,
                    1545374423408,
                    1545374423479,
                    1545374423509,
                    1545374423532,
                    1545374423555,
                    1545374423577,
                    1545374423601,
                    1545374423628,
                    1545374423652,
                    1545374423677,
                    1545374423701
                ]
            }
        },
        "cad5bead7a09c547546a7f11042abbbed": {
            "uf1e0affc8ee70ecb6ba188c9a60df91c": {
                "metadata": [
                    {
                        "MENTION": "{\"MENTIONEES\": [{\"S\": \"0\", \"M\": \"u4c33218f97db9fec37be3985f467c71e\", \"E\": \"6\"}, {\"S\": \"7\", \"M\": \"u5f1cfa1eaec498c8a26adc01633f81a2\", \"E\": \"13\"}, {\"S\": \"14\", \"M\": \"u2b2904b7cbacce6e82f7527ea642d5a2\", \"E\": \"20\"}, {\"S\": \"21\", \"M\": \"uc6a683b1ea6fe2379d46dc6f8fb68e46\", \"E\": \"27\"}, {\"S\": \"28\", \"M\": \"u0cbd408b6ad9702422d17766266f34e4\", \"E\": \"34\"}, {\"S\": \"35\", \"M\": \"ub716e1be7d785eb6ac299915597f87d6\", \"E\": \"41\"}, {\"S\": \"42\", \"M\": \"u3440d23f50808e3c3b6fe3538fe1b5b5\", \"E\": \"48\"}, {\"S\": \"49\", \"M\": \"ud10a658ab5053c869d3a9dd18182ba46\", \"E\": \"55\"}, {\"S\": \"56\", \"M\": \"uc5b3cdac373e76b474ceec3e0cdb3868\", \"E\": \"62\"}, {\"S\": \"63\", \"M\": \"uf1e0affc8ee70ecb6ba188c9a60df91c\", \"E\": \"69\"}, {\"S\": \"70\", \"M\": \"u0a62194fa23e627d383430029bbaebb7\", \"E\": \"76\"}, {\"S\": \"77\", \"M\": \"u00ba36b1a6dd76eefba000b36ed12eb4\", \"E\": \"83\"}, {\"S\": \"84\", \"M\": \"u22294c5230b943992c50cd7330d00c18\", \"E\": \"90\"}, {\"S\": \"91\", \"M\": \"uf87141f64c92d6f880306d8111f2dc6f\", \"E\": \"97\"}, {\"S\": \"98\", \"M\": \"u2faddb730debdbf3be37346d7a5ffd09\", \"E\": \"104\"}, {\"S\": \"105\", \"M\": \"u4ee678c8755c7d13db95eb5c32f1621d\", \"E\": \"111\"}, {\"S\": \"112\", \"M\": \"u9395d74dc4c37e1ffc1b9062ba64baf2\", \"E\": \"118\"}, {\"S\": \"119\", \"M\": \"u77ff87cb7df21d8c48e183c679db579f\", \"E\": \"125\"}, {\"S\": \"126\", \"M\": \"u2208558212b5f9ebfe6a052c85439b42\", \"E\": \"132\"}, {\"S\": \"133\", \"M\": \"ub73461ad9f3312d6caea8ab1492266cd\", \"E\": \"139\"}]}"
                    }
                ],
                "msg.id": [
                    "9044420728632"
                ],
                "text": [
                    "@!\n@!\n@!\n@!\n@!\n@!\n@!\n@!\n@!\n@!\n@!\n@!\n@!\n@!\n@!\n@!\n@!\n@!\n@!\n@!\n"
                ],
                "waktu": [
                    1545375947324
                ]
            }
        },
        "cb21c4e5b66556e176ebce4e2ec3ade27": {
            "ua81979786a05d431b67e23a91b9f4fdb": {
                "metadata": [
                    {
                        "MENTION": "{\"MENTIONEES\": [{\"S\": \"0\", \"E\": \"6\", \"M\": \"ud140c64824457e24b2b428e6e3dec391\"}, {\"S\": \"7\", \"E\": \"13\", \"M\": \"u14518dc49c7d1c832597be0f034e5907\"}, {\"S\": \"14\", \"E\": \"20\", \"M\": \"u20af01001a59e97c59e77e062e85c7de\"}, {\"S\": \"21\", \"E\": \"27\", \"M\": \"u81f2332eb2b832975ce7b3dcb2719d2d\"}, {\"S\": \"28\", \"E\": \"34\", \"M\": \"u5b90af8199e9055a578cc4b564e632c8\"}, {\"S\": \"35\", \"E\": \"41\", \"M\": \"uf9fe1d01e1840807a7c736ef467a4041\"}, {\"S\": \"42\", \"E\": \"48\", \"M\": \"u88c8d72fc6fa815c17bfc80e423544c9\"}, {\"S\": \"49\", \"E\": \"55\", \"M\": \"u6c66e273161d1600edd43d79d1723529\"}, {\"S\": \"56\", \"E\": \"62\", \"M\": \"u5c6edd74f8160fcbba43ba9881a28c30\"}, {\"S\": \"63\", \"E\": \"69\", \"M\": \"udc8d308fb2ac6d87b239e856f7360044\"}, {\"S\": \"70\", \"E\": \"76\", \"M\": \"u9395d74dc4c37e1ffc1b9062ba64baf2\"}, {\"S\": \"77\", \"E\": \"83\", \"M\": \"u0625f99596d95fe7538e182e606a541e\"}, {\"S\": \"84\", \"E\": \"90\", \"M\": \"u3c99bb0c53d6c467cf87442c9754d647\"}, {\"S\": \"91\", \"E\": \"97\", \"M\": \"udc6dc24bb767edbf6f4bf28a640a674f\"}, {\"S\": \"98\", \"E\": \"104\", \"M\": \"uba97307fbd7bd990495b05b45687bd8c\"}, {\"S\": \"105\", \"E\": \"111\", \"M\": \"ua8a1115d3ddf08bb928f96d0742f99af\"}, {\"S\": \"112\", \"E\": \"118\", \"M\": \"u67239c50f697c35109e01ce2c1c57961\"}, {\"S\": \"119\", \"E\": \"125\", \"M\": \"ue384e4e0092f9fa84f0be5cefad87a3e\"}, {\"S\": \"126\", \"E\": \"132\", \"M\": \"u2deb7fa61f85be7f986c919a37c5023a\"}, {\"S\": \"133\", \"E\": \"139\", \"M\": \"u1843bf19c249b37cc24f67cf722713d6\"}]}"
                    }
                ],
                "msg.id": [
                    "9044375355607"
                ],
                "text": [
                    "@!\n@!\n@!\n@!\n@!\n@!\n@!\n@!\n@!\n@!\n@!\n@!\n@!\n@!\n@!\n@!\n@!\n@!\n@!\n@!\n"
                ],
                "waktu": [
                    1545375311401
                ]
            }
        },
        "cfb46ce344afaf8a6cad331cf8a372f40": {
            "u0417b7f28e28a61fe33efe6870156528": {
                "metadata": [
                    {
                        "EMTVER": "4",
                        "MENTION": "{\"MENTIONEES\":[{\"S\":\"0\",\"E\":\"27\",\"M\":\"u9395d74dc4c37e1ffc1b9062ba64baf2\"}]}"
                    },
                    {
                        "EMTVER": "4",
                        "MENTION": "{\"MENTIONEES\":[{\"S\":\"0\",\"E\":\"27\",\"M\":\"u9395d74dc4c37e1ffc1b9062ba64baf2\"}]}"
                    }
                ],
                "msg.id": [
                    "9044516923210",
                    "9044619164916"
                ],
                "text": [
                    "@!",
                    "@!555+  จะเอารอเรียล"
                ],
                "waktu": [
                    1545377271886,
                    1545378655152
                ]
            },
            "u37f3bfabef0c018bb5ea3546d6ae6977": {
                "metadata": [
                    {
                        "MENTION": "{\"MENTIONEES\":[{\"S\": \"12\", \"E\": \"21\", \"M\": \"u9395d74dc4c37e1ffc1b9062ba64baf2\"}]}"
                    },
                    {
                        "MENTION": "{\"MENTIONEES\":[{\"S\": \"12\", \"E\": \"21\", \"M\": \"u9395d74dc4c37e1ffc1b9062ba64baf2\"}]}"
                    }
                ],
                "msg.id": [
                    "9044247457789",
                    "9044248026557"
                ],
                "text": [
                    "「 Profile 」\n@!",
                    "「 Profile 」\n@!"
                ],
                "waktu": [
                    1545373496698,
                    1545373504750
                ]
            },
            "u5f1cfa1eaec498c8a26adc01633f81a2": {
                "metadata": [
                    {
                        "EMTVER": "4",
                        "MENTION": "{\"MENTIONEES\":[{\"S\":\"0\",\"E\":\"27\",\"M\":\"u9395d74dc4c37e1ffc1b9062ba64baf2\"}]}"
                    }
                ],
                "msg.id": [
                    "9044253246924"
                ],
                "text": [
                    "@!"
                ],
                "waktu": [
                    1545373578981
                ]
            }
        }
    },
    "ROM1": {},
    "Unsend": {
        "c25a88116f860b2eed89e3e72617a43fd": {
            "B": [
                "8882500801548",
                "8882500867931",
                "8882500906268",
                "8882500908440",
                "8882500907566",
                "8882500908563",
                "8882500913600",
                "8882501092724",
                "8882501137556",
                "8882501256056",
                "8882501317282",
                "8882501318710",
                "8882501319346",
                "8882501324024",
                "8882501325380",
                "8882501326748",
                "8882501328296",
                "8882501329424",
                "8882501328802",
                "8882501329618",
                "8882504524112",
                "8882504697335",
                "8882505575494",
                "8882505621368",
                "8882505738560",
                "8882505806852",
                "8882505808533",
                "8882505806410",
                "8882505811292",
                "8882505812492",
                "8882505813920",
                "8882505812493",
                "8882505816764",
                "8882505818156",
                "8882505815194",
                "8882511528813",
                "8882515506371",
                "8882515579870",
                "8882515736613"
            ]
        },
        "c2a410ab2f2afed90302d45752eecf407": {
            "B": [
                "8882379069898"
            ]
        },
        "c2f6f5d561c4e9ce33c116a626040a4a9": {
            "B": [
                "9044409129546",
                "9044409129547",
                "9044409129548"
            ]
        },
        "c38a3fd4262940fd8a185d48b3d33d9e5": {
            "B": [
                "8882495806246",
                "8882495855747",
                "8882497676698"
            ]
        },
        "c437c31b25083907dbd126fe712068905": {
            "B": [
                "9044827944210",
                "9044827944211",
                "9044827944212",
                "9044827961040",
                "9044827961041",
                "9044827961042"
            ]
        },
        "c5d9c05014c99227b7c3b17df212d4b7f": {
            "B": [
                "9044508944858",
                "9044508944859",
                "9044508944860"
            ]
        },
        "c671a003074c8ddf564c9f783c29cc4f2": {
            "B": [
                "8882330568203",
                "8882333530185",
                "8882374869910",
                "8882497541833",
                "8882497552196"
            ]
        },
        "c6c8bd478e85f825008cdfd7079bb9471": {
            "B": [
                "9044834583580",
                "9044834596996",
                "9044834613937",
                "9044834613938"
            ]
        },
        "c7387c7ad28d7d389233572d7fe1e2d49": {
            "B": []
        },
        "c7553e8e2682e42d42db3fadb6141e05b": {
            "B": [
                "8882484404361",
                "8882486103035"
            ]
        },
        "c7eb41e2976e442c6982b70aeccb65af7": {
            "B": [
                "9044821248187",
                "9044821248188",
                "9044821248189",
                "9044829305442",
                "9044829305443",
                "9044829305444"
            ]
        },
        "c857bcc863aaca25cd95872114b228546": {
            "B": [
                "9044768783397",
                "9044776657747"
            ]
        },
        "c9d12aae0e22f35d83bf3da84510a458c": {
            "B": [
                "9044278396649"
            ]
        },
        "ca173a956fdab5114f5628777d7104c71": {
            "B": [
                "9044430740391",
                "9044430740392",
                "9044430740393",
                "9044479110791",
                "9044479110792",
                "9044479110794"
            ]
        },
        "ca2f60e8af4e285040e218d97274d89a9": {
            "B": [
                "9044241924874",
                "9044241929726",
                "9044241929727",
                "9044241929729",
                "9044241944765",
                "9044241944160",
                "9044242432759",
                "9044243077664",
                "9044243085389",
                "9044243091261",
                "9044243096957",
                "9044243091824",
                "9044243108813",
                "9044243100545",
                "9044243115998",
                "9044243116287",
                "9044243129246",
                "9044243136989",
                "9044243134306",
                "9044276245306",
                "9044276263873",
                "9044276268769",
                "9044276273201",
                "9044276277873",
                "9044276273202",
                "9044276286641",
                "9044276277874",
                "9044276286642",
                "9044276300097",
                "9044276304801",
                "9044277294228",
                "9044280689007",
                "9044280723601",
                "9044311206626",
                "9044311206628",
                "9044311206629",
                "9044312713347",
                "9044312730817",
                "9044312730820",
                "9044312730823",
                "9044312745393",
                "9044312745394",
                "9044312745396",
                "9044312745397",
                "9044312759792",
                "9044312759794",
                "9044312759796",
                "9044312759798",
                "9044312774322",
                "9044312774324",
                "9044312774325",
                "9044312791360",
                "9044312791363",
                "9044312791364",
                "9044312791366",
                "9044312807664",
                "9044312807666",
                "9044312807667",
                "9044312807668",
                "9044312823952",
                "9044312823954",
                "9044312823956",
                "9044312823958",
                "9044312841808",
                "9044312841810",
                "9044312841811",
                "9044312841812",
                "9044312856114",
                "9044312856115",
                "9044377577338"
            ]
        },
        "cad5bead7a09c547546a7f11042abbbed": {
            "B": [
                "9044420733738",
                "9044420733739",
                "9044420733740",
                "9044467338946",
                "9044467346073",
                "9044467770675",
                "9044469312787",
                "9044469603574",
                "9044469603576",
                "9044469603577",
                "9044469603578",
                "9044469603579",
                "9044470322154",
                "9044470319223",
                "9044470319225",
                "9044470319226",
                "9044470335606",
                "9044470335609",
                "9044546714918",
                "9044575051169",
                "9044575498456",
                "9044575764430",
                "9044579930315",
                "9044583064837",
                "9044583607496",
                "9044584563244",
                "9044588367991",
                "9044588820856",
                "9044594812213",
                "9044595083996",
                "9044595789290",
                "9044596036191",
                "9044597476790",
                "9044597824308",
                "9044598068628",
                "9044599302768",
                "9044600691096",
                "9044600710048",
                "9044601214123",
                "9044601509229",
                "9044601781474",
                "9044601781475",
                "9044601781477",
                "9044601781480",
                "9044602523172",
                "9044603619586",
                "9044603943329",
                "9044606200129",
                "9044609757712",
                "9044610291997",
                "9044610447291",
                "9044612275875",
                "9044612275362",
                "9044612275363",
                "9044612275364",
                "9044612275365",
                "9044612296192",
                "9044612762734",
                "9044614182197",
                "9044614575849",
                "9044617870792",
                "9044618405316",
                "9044618412335",
                "9044618805761",
                "9044619622983",
                "9044619622984",
                "9044619622985",
                "9044620262094",
                "9044620505779",
                "9044620997245",
                "9044621192730",
                "9044621518467",
                "9044621829935",
                "9044622438138",
                "9044623893863",
                "9044624324022",
                "9044624324024",
                "9044624324027",
                "9044624358473",
                "9044624360105",
                "9044624378918",
                "9044624378920",
                "9044627553900",
                "9044627909780",
                "9044628532046",
                "9044628780082",
                "9044628955546",
                "9044629515867",
                "9044629802500",
                "9044630576070",
                "9044631137460",
                "9044631615385",
                "9044632029373",
                "9044632029374",
                "9044632029375",
                "9044632029376",
                "9044632029377",
                "9044632420488",
                "9044634984168",
                "9044635720730",
                "9044638098934",
                "9044638678054",
                "9044641162225",
                "9044641419080",
                "9044642136825",
                "9044642390127",
                "9044642390128",
                "9044642666138",
                "9044642999476",
                "9044643006541",
                "9044780073208",
                "9044780876576",
                "9044782529613",
                "9044782871524",
                "9044783593617",
                "9044784090727",
                "9044784393911",
                "9044784393912",
                "9044784393913",
                "9044784393914",
                "9044784979621",
                "9044787677159",
                "9044787933345",
                "9044789363136",
                "9044793167580",
                "9044793476478",
                "9044794704062",
                "9044795037191",
                "9044795204692",
                "9044797476439",
                "9044797707709",
                "9044798244063",
                "9044798598085",
                "9044798961295",
                "9044799285091",
                "9044799654877",
                "9044800437331",
                "9044801863461",
                "9044802606163",
                "9044802908004",
                "9044803024079",
                "9044805849961",
                "9044806301746",
                "9044807998001",
                "9044807992910",
                "9044807992911",
                "9044808011336",
                "9044809120264",
                "9044809762344",
                "9044810440988",
                "9044810643588",
                "9044811478741",
                "9044811943772",
                "9044812340815",
                "9044813025815",
                "9044813730975",
                "9044814340430",
                "9044814926062",
                "9044817165815",
                "9044817222585",
                "9044817222587",
                "9044817239336",
                "9044817239337",
                "9044817239340",
                "9044818543096",
                "9044818922125",
                "9044819320544",
                "9044819650018",
                "9044819952799",
                "9044822409670",
                "9044822784052",
                "9044824309093",
                "9044824670092",
                "9044825051844",
                "9044825493747",
                "9044825680630",
                "9044827974712",
                "9044828610904",
                "9044828968210",
                "9044829847681",
                "9044830657062",
                "9044831570935",
                "9044831941811",
                "9044833012147"
            ]
        },
        "cb21c4e5b66556e176ebce4e2ec3ade27": {
            "B": [
                "9044375371028",
                "9044375371029",
                "9044375371030"
            ]
        },
        "ce2988dab835b51688b1cb70cffad2edc": {
            "B": [
                "8882331240812"
            ]
        },
        "cfb46ce344afaf8a6cad331cf8a372f40": {
            "B": [
                "9044247423238",
                "9044247999758",
                "9044248043470",
                "9044248052929",
                "9044248391053",
                "9044248391054",
                "9044248391055",
                "9044248391056",
                "9044248430623",
                "9044248430624",
                "9044248430625",
                "9044248449085",
                "9044248449086",
                "9044248449088",
                "9044248449089",
                "9044248481981",
                "9044248481982",
                "9044248481984",
                "9044248934503",
                "9044248938606",
                "9044248938610",
                "9044248938611",
                "9044248933136",
                "9044249993009",
                "9044249993810",
                "9044250007296",
                "9044250021439",
                "9044250027006",
                "9044250021281",
                "9044250041197",
                "9044250037923",
                "9044250048463",
                "9044250053054",
                "9044250056398",
                "9044250069597",
                "9044251335315",
                "9044251817936",
                "9044252045197",
                "9044253257535",
                "9044253257537",
                "9044253257538",
                "9044254522713",
                "9044256541244",
                "9044256549986",
                "9044257380448",
                "9044257393202",
                "9044259310249",
                "9044261582293",
                "9044264631659",
                "9044264648002",
                "9044266545581",
                "9044266562513",
                "9044268345551",
                "9044268362385",
                "9044268362386",
                "9044268362387",
                "9044268367185",
                "9044268368913",
                "9044268370481",
                "9044268368914",
                "9044268370482",
                "9044268370483",
                "9044268368915",
                "9044269459636",
                "9044269703167",
                "9044270713250",
                "9044270718913",
                "9044270720833",
                "9044270720834",
                "9044270720835",
                "9044270720836",
                "9044271585666",
                "9044475932307",
                "9044477297783",
                "9044477291404",
                "9044477291405",
                "9044477306439",
                "9044478055458",
                "9044478689325",
                "9044478835431",
                "9044482346790",
                "9044483324378",
                "9044484772509",
                "9044502149172",
                "9044504170576",
                "9044504345865",
                "9044504512382",
                "9044504828095",
                "9044505325161",
                "9044505334392",
                "9044505334395",
                "9044505334397",
                "9044505334399",
                "9044505334401",
                "9044505635296",
                "9044506134054",
                "9044507069848",
                "9044507974741",
                "9044510037899",
                "9044510299900",
                "9044510584734",
                "9044510875097",
                "9044517973408",
                "9044517989149",
                "9044517989150",
                "9044552571191",
                "9044553046360",
                "9044553243280",
                "9044619640155",
                "9044619640156",
                "9044619640157",
                "9044634338595",
                "9044721489144",
                "9044724387160",
                "9044728338324",
                "9044731902935",
                "9044735589492"
            ]
        },
        "u0a62194fa23e627d383430029bbaebb7": {
            "B": [
                "9044272322871",
                "9044272543815",
                "9044272716712",
                "9044278950048",
                "9044368617705",
                "9044368959316",
                "9044368976225",
                "9044369681106",
                "9044369697297",
                "9044369699442",
                "9044369705027",
                "9044370422882",
                "9044370455556",
                "9044370464436",
                "9044370466098",
                "9044370481235",
                "9044373664822"
            ]
        },
        "u2272701d90049e5458b594eff74174ad": {
            "B": []
        },
        "u24bab0bfc29433d0fc12c6a72d3bcb87": {
            "B": [
                "9044400578558",
                "9044400592790",
                "9044400592791",
                "9044515896987",
                "9044516396812"
            ]
        },
        "u343755c46b86332c992956dd14b2448c": {
            "B": []
        },
        "u36e931e62a54321f083deef93272cf30": {
            "B": [
                "8882382423970",
                "8882382473929",
                "8882382926757"
            ]
        },
        "u4c33218f97db9fec37be3985f467c71e": {
            "B": [
                "9044775696752"
            ]
        },
        "u51df24d940f0b36ad3a3e7b2ca678c4e": {
            "B": [
                "8882336040058",
                "8882344624715",
                "8882344796744",
                "8882344799085",
                "8882345079886",
                "8882345095965",
                "8882345101400",
                "8882345103129",
                "8882345258012",
                "8882345344736",
                "8882345429638",
                "8882345430489"
            ]
        },
        "u5f1cfa1eaec498c8a26adc01633f81a2": {
            "B": [
                "9044264643729"
            ]
        },
        "ub5bebc0eeca6fa82943948f92576d7f5": {
            "B": [
                "8882334283078"
            ]
        },
        "ub78ed95be7deb54f372add33a8e5a437": {
            "B": [
                "8882495996447"
            ]
        },
        "ubaa3b9768a3ce263b2bdd7fa89cee5ef": {
            "B": [
                "9044573684222"
            ]
        },
        "ud10a658ab5053c869d3a9dd18182ba46": {
            "B": [
                "9044505334391",
                "9044505334393",
                "9044505334396",
                "9044505334398",
                "9044505334400"
            ]
        },
        "ue04b36b60352ac29eacc50cb9be94e20": {
            "B": [
                "9044517955985",
                "9044519750228",
                "9044520374216",
                "9044521391114",
                "9044523018170",
                "9044540046226",
                "9044540326919",
                "9044541642978",
                "9044542247404",
                "9044542498093",
                "9044551300227",
                "9044551514074"
            ]
        },
        "ue8d02741193a607ffda1a46cf13856ae": {
            "B": [
                "9044246608279",
                "9044273481083",
                "9044273652760",
                "9044273839864",
                "9044312580004",
                "9044313462046",
                "9044754920501",
                "9044755979477",
                "9044758789610"
            ]
        },
        "uea235ae8aa046c6711cf43c2354f0f23": {
            "B": [
                "8882486525601",
                "8882487020468",
                "8882487387800",
                "8882487849154",
                "8882487929301",
                "8882488018918",
                "8882488137021",
                "8882488377345",
                "8882488442864",
                "8882488497933",
                "8882488627930",
                "8882488655792",
                "8882489046946",
                "8882489143426",
                "8882489254212",
                "8882489427765",
                "8882489574695",
                "8882489813156",
                "8882489853454",
                "8882490005408",
                "8882490058964",
                "8882490075488",
                "8882490142762",
                "8882490470060",
                "8882490606165",
                "8882490654021",
                "8882490694103",
                "8882491552088",
                "8882491767506",
                "8882491904312",
                "8882492025644",
                "8882492050220",
                "8882492201206",
                "8882492242942",
                "8882492337800",
                "8882493297358",
                "8882494853580",
                "8882508928714",
                "8882508965567"
            ]
        },
        "uec334330f55b267b3d391cfe101a9b55": {
            "B": [
                "8882373981852",
                "8882375682445",
                "8882376944327",
                "8882376960944",
                "8882376961773"
            ]
        }
    },
    "addPesan": "",
    "addSticker": {
        "name": "",
        "status": false
    },
    "autoAdd": false,
    "autoJoin": true,
    "autoLike": {
        "comment": "AutoLike by RhyN",
        "status": true
    },
    "autoread1": false,
    "autoread2": false,
    "blacklist": [],
    "bot": [],
    "bots": [],
    "changeGroupPicture": [],
    "changePicture": false,
    "changeProfileVideo": {
        "picture": "/tmp/linepy-1542569752-2.bin",
        "stage": 2,
        "status": false,
        "video": "/tmp/linepy-1542569750-6.bin"
    },
    "getReader": {},
    "lurkauto": false,
    "lurkp": {},
    "lurkt": {},
    "messageSticker": {
        "addName": null,
        "addStatus": false,
        "listSticker": {
            "addSticker": {
                "STKID": "183",
                "STKPKGID": "3",
                "STKVER": "100",
                "status": true
            },
            "readerSticker": {
                "STKID": "5395097",
                "STKPKGID": "4372",
                "STKVER": "2",
                "status": true
            }
        }
    },
    "myProfile": {
        "coverId": "8507bafa9f8982910e7bb92ed0ad4d66",
        "displayName": "􀰂􀰂.𖠌.௫ำਘಽ้গᏓఖีধ.𖠌.􀂳􏿿",
        "pictureStatus": "0hwu_xdphwKFpiAQIhCMJXDV5EJjcVLy4SGm9lNENUcG8aY2peXGEzPBBWJGocOW4LXTQ3O0JSJj1M",
        "statusMessage": "􂘁􀆈>􏿿รับจ้างครางชื่อ เสียวจนตึ่งสั่น ดิ้กๆ 􂘁􀆉<􏿿\n􂘁􀆎>􏿿 รับติดเซลบอท PY3\n􂘁􀆎>􏿿รับติดเชลบอทพรีเมี่ยม,ลูกเล่น\n􂘁􀅴(􏿿แบบมีคิกและไม่มีคิก􂘁􀅵]􏿿\n􂘁􀆎>􏿿 รับทำบอทแท็คต้อนรับ\n􂘁􀆎>􏿿 รับลงบอทป้องกันกลุ่ม \n􂘁􀆎>􏿿รับทำลิ้งบอทบินกลุ่ม\n\n\n•   S҉̶̶̘̟̼̉̈́͐͋͌̊҉̶̘̟̼̉̈́͐͋͌̊K҉̶̘̟̼̉̈́͐͋͌̊҉̶̶̘̟̼̉̈́͐͋͌̊Y҉ͩ͂҉̘̟̼̉̈́͐͋͌̊҉̶̶̘̟̼̉̈́͐͋͌̊⚒̶̶B҉̶̶̘̟̼̉̈́͐͋͌̊Ω҉̶̘̟̼̉̈́͐͋͌̊T҉̶̘̟̼̉̈́͐͋͌̊S҉̶̘̟̼̉̈́͐͋͌̊   •\n\n✈ധู้さန້ণق⚽❍ิざざຮะЇÑƉФ‮➢\n✈のຣ❍ບのຣัՁ🔥\n═हई  ❂❍ิざざနະ inDö ईह═ 📌\n【 Ŧ€₳M ฿❂Ŧ ₳₱ł ℄ł₦€ 】\n\n􂘁􀅴(􏿿เป็นคนเฮฮา ไม่มีสาระ หลากหลายอารมณ์􂘁􀅵)􏿿\n\nDo not forget me because I never you.",
        "videoProfile": null
    },
    "notag": [],
    "notificationCall": [],
    "notificationCallPrank": [],
    "owner": [
        "u2cf74acf6ed04d122def4db8ffdd2e39"
    ],
    "pesanCall": "",
    "postId": [],
    "prankCall": {
        "audio": "",
        "live": "",
        "video": ""
    },
    "readPoint": {},
    "readPoints": {},
    "readerPesan": " Oi@!ngapain?",
    "responCall": false,
    "rname": "",
    "sendSticker": false,
    "setTime": {},
    "sname": "rhyn",
    "status": false,
    "target": [],
    "tos": {},
    "ttt": "line://app/1602687308-GXq4Vvk9?type=text&text=",
    "whitelist": []
}