{
	"result": [{
			"name": "List Token",
			"link": "https://i.ibb.co/SVS0Hf6/1540561778705.jpg",
			"linkliff": "Line://app/1603968955-ORWb9RdY/?type=text&text=list%20token"
		},
		{
			"name": "Status",
			"link": "https://i.ibb.co/Qmt1c09/1537281068731.jpg",
			"linkliff": "Line://app/1603968955-ORWb9RdY/?type=text&text=status"
		},
		{
			"name": "Settings",
			"link": "https://i.ibb.co/L9hxdTg/IMG-20181026-WA0000.jpg",
			"linkliff": "Line://app/1603968955-ORWb9RdY/?type=text&text=settings"
		},
		{
			"name": "Self",
			"link": "https://i.ibb.co/ykZ3FVD/1533368969809.jpg",
			"linkliff": "Line://app/1603968955-ORWb9RdY/?type=text&text=self"
		},
		{
			"name": "Group",
			"link": "https://i.ibb.co/bXSMs2r/IMG-20181026-WA0010.jpg",
			"linkliff": "Line://app/1603968955-ORWb9RdY/?type=text&text=group"
		},
		{
			"name": "Special",
			"link": "https://i.ibb.co/y861PvY/1530628615106.jpg",
			"linkliff": "Line://app/1603968955-ORWb9RdY/?type=text&text=special"
		},
		{
			"name": "Media",
			"link": "https://i.ibb.co/GktVNPr/IMG-20181026-WA0007.jpg",
			"linkliff": "Line://app/1603968955-ORWb9RdY/?type=text&text=media"
		},
		{
			"name": "Tag",
			"link": "https://i.ibb.co/zGb8kSW/IMG-20181026-WA0003.jpg",
			"linkliff": "Line://app/1603968955-ORWb9RdY/?type=text&text=tag"
		},
		{
			"name": "Bot",
			"link": "https://i.ibb.co/LQW5BC6/1536768176645.jpg",
			"linkliff": "Line://app/1603968955-ORWb9RdY/?type=text&text=bot"
		},
		{
			"name": "About",
			"link": "https://i.ibb.co/5xMkzxy/1539081450703.jpg",
			"linkliff": "Line://app/1603968955-ORWb9RdY/?type=text&text=About"
		}
	]
}
