{
    "info": {
        "u0cecccfbcabc4bc9b30058ad32f7b08c": "tesrt",
        "ua1da1aa205d6310e09a3bf1038e6509c": "tes"
    },
    "limit": {},
    "name": {
        "tes": {
            "mid": "ua1da1aa205d6310e09a3bf1038e6509c",
            "pay": 1559427349.765359,
            "runtime": 1556835349.765359,
            "token": "EEAfiXesk0Eq6oNdYvrc.ODOAOGxwmq4jO78qoozqNa.4E6QJxaP6qm2PRsgpHBVSQ8J4iVi3ekDd6RJSSx05Yc="
        },
        "tesrt": {
            "mid": "u0cecccfbcabc4bc9b30058ad32f7b08c",
            "pay": 1559489300.074753,
            "runtime": 1556897300.074753,
            "token": "EEX0B6uguvOiSlRkee6c.doZm/8Q8s8MZafITmVEWJa.Frjluk3Cdhe7pQk8MQ0wewqh9kqNxSGgMqOkPZMehYY="
        }
    }
}