{
    "info": {
        "u67bef5f79a15ab6b2345c52a8f2e9e8a": "เจน2",
        "u8fc3f5a5a27e0e5221dae8979601a60c": "เทส",
        "uc0a8ee24bd3560620c8ff2ba115034cf": "เฟิส",
        "ud9e397d5fd279364ab1783c82b017c50": "แอดมิน",
        "udcd8c203fc215e64e9684b282df4a1c8": "เจน"
    },
    "limit": {},
    "name": {
        "เจน": {
            "mid": "udcd8c203fc215e64e9684b282df4a1c8",
            "pay": 1558223303.7865915,
            "runtime": 1555631303.7865915,
            "token": "EEkOfgrmQZmiLG3yOxH8.3nJca+WHxMtPAeSOlFsHYa.TYXTb2B2+pvKV5DaawjwnFIEdPvcu+djOGXl8vPoxqA="
        },
        "เจน2": {
            "mid": "u67bef5f79a15ab6b2345c52a8f2e9e8a",
            "pay": 1558223330.8746235,
            "runtime": 1555631330.8746235,
            "token": "EEdQ8Uw0cE9nVqQN33Xa.z77195OvQ2SJrCuQJY6EIG.xOdsIw9eizq0WQQrltZ+a0VeFqVSw4ZOzHHo2v+Dq1k="
        },
        "เทส": {
            "mid": "u8fc3f5a5a27e0e5221dae8979601a60c",
            "pay": 1558375800.90656,
            "runtime": 1555783800.90656,
            "token": "EERvk003emdjccMVti8c.J8p1PAj/dLiH2UIxLGgMda.qRyIka3hcU73ASXxL+5jIjFXdccTINaFVpcdVn+unZo="
        },
        "เฟิส": {
            "mid": "uc0a8ee24bd3560620c8ff2ba115034cf",
            "pay": 1558270809.4279485,
            "runtime": 1555678809.4279485,
            "token": "EEd8O5rpwGcMIBKOFFMf.WkJUjl01ygimJ+k6eva0ZW.YT+wXagQE917L8Ez6CeAkSx5lmJjSAHRzOb++41VF8Y="
        },
        "แอดมิน": {
            "mid": "ud9e397d5fd279364ab1783c82b017c50",
            "pay": 1568963871.4401612,
            "runtime": 1553411871.4401612,
            "token": "EETcW3VQQgyDJvf9Ne40.2Eox1F0NK2sRf4pikWf8ua.B4jLKJaKCZOfdHW0C4iD0w9bz1PF6gF2WHTMiC6SJpQ="
        }
    }
}